entity_count,operation,sample,calls,elapsed_ticks,microseconds_per_call,managed_bytes,managed_bytes_per_call
100,Find.zero,0,8,22,0.275,0,0
100,Find.zero,1,8,1,0.0125,0,0
100,Find.zero,2,8,1,0.0125,0,0
100,Find.zero,3,8,1,0.0125,0,0
100,Find.zero,4,8,1,0.0125,0,0
100,Find.zero,5,8,1,0.0125,0,0
100,Find.zero,6,8,1,0.0125,0,0
100,Find.zero,7,8,1,0.0125,0,0
100,Find.zero,8,8,1,0.0125,0,0
100,Find.zero,9,8,1,0.0125,0,0
100,Find.zero,10,8,1,0.0125,0,0
100,Find.zero,11,8,1,0.0125,0,0
100,Find.zero,12,8,1,0.0125,0,0
100,Find.zero,13,8,1,0.0125,0,0
100,Find.zero,14,8,1,0.0125,0,0
100,Find.zero,15,8,1,0.0125,0,0
100,Find.zero,16,8,1,0.0125,0,0
100,Find.zero,17,8,1,0.0125,0,0
100,Find.zero,18,8,1,0.0125,0,0
100,Find.zero,19,8,1,0.0125,0,0
100,Find.zero,20,8,1,0.0125,0,0
100,Find.zero,21,8,1,0.0125,0,0
100,Find.zero,22,8,1,0.0125,0,0
100,Find.zero,23,8,1,0.0125,0,0
100,Find.zero,24,8,1,0.0125,0,0
100,Find.first,0,8,874,10.925,0,0
100,Find.first,1,8,390,4.875,0,0
100,Find.first,2,8,385,4.8125,0,0
100,Find.first,3,8,387,4.8375,0,0
100,Find.first,4,8,390,4.875,0,0
100,Find.first,5,8,386,4.825,0,0
100,Find.first,6,8,789,9.8625,0,0
100,Find.first,7,8,408,5.1,0,0
100,Find.first,8,8,388,4.85,0,0
100,Find.first,9,8,395,4.9375,0,0
100,Find.first,10,8,392,4.9,0,0
100,Find.first,11,8,399,4.9875,0,0
100,Find.first,12,8,388,4.85,0,0
100,Find.first,13,8,392,4.9,0,0
100,Find.first,14,8,390,4.875,0,0
100,Find.first,15,8,391,4.8875,0,0
100,Find.first,16,8,382,4.775,0,0
100,Find.first,17,8,377,4.7125,0,0
100,Find.first,18,8,384,4.8,0,0
100,Find.first,19,8,378,4.725,0,0
100,Find.first,20,8,418,5.225,0,0
100,Find.first,21,8,582,7.275,0,0
100,Find.first,22,8,433,5.4125,0,0
100,Find.first,23,8,418,5.225,0,0
100,Find.first,24,8,419,5.2375,0,0
100,Find.middle,0,8,1330,16.625,0,0
100,Find.middle,1,8,802,10.025,0,0
100,Find.middle,2,8,928,11.6,0,0
100,Find.middle,3,8,765,9.5625,0,0
100,Find.middle,4,8,736,9.2,0,0
100,Find.middle,5,8,771,9.6375,0,0
100,Find.middle,6,8,800,10,0,0
100,Find.middle,7,8,767,9.5875,0,0
100,Find.middle,8,8,808,10.1,0,0
100,Find.middle,9,8,825,10.3125,0,0
100,Find.middle,10,8,730,9.125,0,0
100,Find.middle,11,8,877,10.9625,0,0
100,Find.middle,12,8,790,9.875,0,0
100,Find.middle,13,8,751,9.3875,0,0
100,Find.middle,14,8,729,9.1125,0,0
100,Find.middle,15,8,735,9.1875,0,0
100,Find.middle,16,8,732,9.15,0,0
100,Find.middle,17,8,733,9.1625,0,0
100,Find.middle,18,8,730,9.125,0,0
100,Find.middle,19,8,737,9.2125,0,0
100,Find.middle,20,8,730,9.125,0,0
100,Find.middle,21,8,731,9.1375,0,0
100,Find.middle,22,8,735,9.1875,0,0
100,Find.middle,23,8,731,9.1375,0,0
100,Find.middle,24,8,811,10.1375,0,0
100,Find.last,0,8,1735,21.6875,0,0
100,Find.last,1,8,1290,16.125,0,0
100,Find.last,2,8,1281,16.0125,0,0
100,Find.last,3,8,1280,16,0,0
100,Find.last,4,8,1385,17.3125,0,0
100,Find.last,5,8,1284,16.05,0,0
100,Find.last,6,8,1277,15.9625,0,0
100,Find.last,7,8,1277,15.9625,0,0
100,Find.last,8,8,1274,15.925,0,0
100,Find.last,9,8,1278,15.975,0,0
100,Find.last,10,8,1274,15.925,0,0
100,Find.last,11,8,1394,17.425,0,0
100,Find.last,12,8,1282,16.025,0,0
100,Find.last,13,8,1277,15.9625,0,0
100,Find.last,14,8,1279,15.9875,0,0
100,Find.last,15,8,1277,15.9625,0,0
100,Find.last,16,8,1230,15.375,0,0
100,Find.last,17,8,1278,15.975,0,0
100,Find.last,18,8,1182,14.775,0,0
100,Find.last,19,8,1179,14.7375,0,0
100,Find.last,20,8,1321,16.5125,0,0
100,Find.last,21,8,1242,15.525,0,0
100,Find.last,22,8,1179,14.7375,0,0
100,Find.last,23,8,1176,14.7,0,0
100,Find.last,24,8,1173,14.6625,0,0
100,Find.missing,0,8,1823,22.7875,0,0
100,Find.missing,1,8,1323,16.5375,0,0
100,Find.missing,2,8,1323,16.5375,0,0
100,Find.missing,3,8,1351,16.8875,0,0
100,Find.missing,4,8,1317,16.4625,0,0
100,Find.missing,5,8,1316,16.45,0,0
100,Find.missing,6,8,1303,16.2875,0,0
100,Find.missing,7,8,1302,16.275,0,0
100,Find.missing,8,8,1318,16.475,0,0
100,Find.missing,9,8,1441,18.0125,0,0
100,Find.missing,10,8,1336,16.7,0,0
100,Find.missing,11,8,1273,15.9125,0,0
100,Find.missing,12,8,1274,15.925,0,0
100,Find.missing,13,8,1270,15.875,0,0
100,Find.missing,14,8,1274,15.925,0,0
100,Find.missing,15,8,1243,15.5375,0,0
100,Find.missing,16,8,1174,14.675,0,0
100,Find.missing,17,8,1173,14.6625,0,0
100,Find.missing,18,8,1308,16.35,0,0
100,Find.missing,19,8,1182,14.775,0,0
100,Find.missing,20,8,1196,14.95,0,0
100,Find.missing,21,8,1280,16,0,0
100,Find.missing,22,8,1277,15.9625,0,0
100,Find.missing,23,8,1273,15.9125,0,0
100,Find.missing,24,8,1202,15.025,0,0
100,Find.uniform,0,8,1176,14.7,0,0
100,Find.uniform,1,8,793,9.9125,0,0
100,Find.uniform,2,8,797,9.9625,0,0
100,Find.uniform,3,8,791,9.8875,0,0
100,Find.uniform,4,8,806,10.075,0,0
100,Find.uniform,5,8,741,9.2625,0,0
100,Find.uniform,6,8,883,11.0375,0,0
100,Find.uniform,7,8,806,10.075,0,0
100,Find.uniform,8,8,771,9.6375,0,0
100,Find.uniform,9,8,736,9.2,0,0
100,Find.uniform,10,8,733,9.1625,0,0
100,Find.uniform,11,8,728,9.1,0,0
100,Find.uniform,12,8,729,9.1125,0,0
100,Find.uniform,13,8,734,9.175,0,0
100,Find.uniform,14,8,729,9.1125,0,0
100,Find.uniform,15,8,732,9.15,0,0
100,Find.uniform,16,8,730,9.125,0,0
100,Find.uniform,17,8,728,9.1,0,0
100,Find.uniform,18,8,728,9.1,0,0
100,Find.uniform,19,8,731,9.1375,0,0
100,Find.uniform,20,8,741,9.2625,0,0
100,Find.uniform,21,8,742,9.275,0,0
100,Find.uniform,22,8,743,9.2875,0,0
100,Find.uniform,23,8,739,9.2375,0,0
100,Find.uniform,24,8,741,9.2625,0,0
100,Harness.find-checksum,0,8,7,0.0875,0,0
100,Harness.find-checksum,1,8,1,0.0125,0,0
100,Harness.find-checksum,2,8,1,0.0125,0,0
100,Harness.find-checksum,3,8,1,0.0125,0,0
100,Harness.find-checksum,4,8,1,0.0125,0,0
100,Harness.find-checksum,5,8,1,0.0125,0,0
100,Harness.find-checksum,6,8,1,0.0125,0,0
100,Harness.find-checksum,7,8,1,0.0125,0,0
100,Harness.find-checksum,8,8,1,0.0125,0,0
100,Harness.find-checksum,9,8,1,0.0125,0,0
100,Harness.find-checksum,10,8,0,0,0,0
100,Harness.find-checksum,11,8,0,0,0,0
100,Harness.find-checksum,12,8,0,0,0,0
100,Harness.find-checksum,13,8,0,0,0,0
100,Harness.find-checksum,14,8,1,0.0125,0,0
100,Harness.find-checksum,15,8,1,0.0125,0,0
100,Harness.find-checksum,16,8,1,0.0125,0,0
100,Harness.find-checksum,17,8,1,0.0125,0,0
100,Harness.find-checksum,18,8,1,0.0125,0,0
100,Harness.find-checksum,19,8,1,0.0125,0,0
100,Harness.find-checksum,20,8,1,0.0125,0,0
100,Harness.find-checksum,21,8,1,0.0125,0,0
100,Harness.find-checksum,22,8,0,0,0,0
100,Harness.find-checksum,23,8,0,0,0,0
100,Harness.find-checksum,24,8,0,0,0,0
100,OrderedEntities.Building,0,2,4022,201.1,0,0
100,OrderedEntities.Building,1,2,3686,184.3,0,0
100,OrderedEntities.Building,2,2,3615,180.75,0,0
100,OrderedEntities.Building,3,2,3642,182.1,0,0
100,OrderedEntities.Building,4,2,3650,182.5,0,0
100,OrderedEntities.Building,5,2,3660,183,0,0
100,OrderedEntities.Building,6,2,3751,187.55,0,0
100,OrderedEntities.Building,7,2,3674,183.7,0,0
100,OrderedEntities.Building,8,2,3639,181.95,0,0
100,OrderedEntities.Building,9,2,3638,181.9,0,0
100,OrderedEntities.Building,10,2,3529,176.45,0,0
100,OrderedEntities.Building,11,2,3703,185.15,0,0
100,OrderedEntities.Building,12,2,3741,187.05,0,0
100,OrderedEntities.Building,13,2,3650,182.5,0,0
100,OrderedEntities.Building,14,2,3647,182.35,0,0
100,OrderedEntities.Building,15,2,3566,178.3,0,0
100,OrderedEntities.Building,16,2,3647,182.35,0,0
100,OrderedEntities.Building,17,2,3728,186.4,0,0
100,OrderedEntities.Building,18,2,3891,194.55,0,0
100,OrderedEntities.Building,19,2,4081,204.05,0,0
100,OrderedEntities.Building,20,2,3679,183.95,0,0
100,OrderedEntities.Building,21,2,3582,179.1,0,0
100,OrderedEntities.Building,22,2,3587,179.35,0,0
100,OrderedEntities.Building,23,2,3708,185.4,0,0
100,OrderedEntities.Building,24,2,3610,180.5,0,0
1000,Find.zero,0,8,14,0.175,0,0
1000,Find.zero,1,8,1,0.0125,0,0
1000,Find.zero,2,8,1,0.0125,0,0
1000,Find.zero,3,8,0,0,0,0
1000,Find.zero,4,8,1,0.0125,0,0
1000,Find.zero,5,8,1,0.0125,0,0
1000,Find.zero,6,8,1,0.0125,0,0
1000,Find.zero,7,8,1,0.0125,0,0
1000,Find.zero,8,8,1,0.0125,0,0
1000,Find.zero,9,8,1,0.0125,0,0
1000,Find.zero,10,8,1,0.0125,0,0
1000,Find.zero,11,8,1,0.0125,0,0
1000,Find.zero,12,8,1,0.0125,0,0
1000,Find.zero,13,8,1,0.0125,0,0
1000,Find.zero,14,8,1,0.0125,0,0
1000,Find.zero,15,8,1,0.0125,0,0
1000,Find.zero,16,8,1,0.0125,0,0
1000,Find.zero,17,8,1,0.0125,0,0
1000,Find.zero,18,8,1,0.0125,0,0
1000,Find.zero,19,8,1,0.0125,0,0
1000,Find.zero,20,8,1,0.0125,0,0
1000,Find.zero,21,8,1,0.0125,0,0
1000,Find.zero,22,8,1,0.0125,0,0
1000,Find.zero,23,8,1,0.0125,0,0
1000,Find.zero,24,8,1,0.0125,0,0
1000,Find.first,0,8,770,9.625,0,0
1000,Find.first,1,8,357,4.4625,0,0
1000,Find.first,2,8,855,10.6875,0,0
1000,Find.first,3,8,350,4.375,0,0
1000,Find.first,4,8,344,4.3,0,0
1000,Find.first,5,8,332,4.15,0,0
1000,Find.first,6,8,343,4.2875,0,0
1000,Find.first,7,8,336,4.2,0,0
1000,Find.first,8,8,329,4.1125,0,0
1000,Find.first,9,8,326,4.075,0,0
1000,Find.first,10,8,328,4.1,0,0
1000,Find.first,11,8,318,3.975,0,0
1000,Find.first,12,8,329,4.1125,0,0
1000,Find.first,13,8,338,4.225,0,0
1000,Find.first,14,8,333,4.1625,0,0
1000,Find.first,15,8,328,4.1,0,0
1000,Find.first,16,8,334,4.175,0,0
1000,Find.first,17,8,327,4.0875,0,0
1000,Find.first,18,8,330,4.125,0,0
1000,Find.first,19,8,331,4.1375,0,0
1000,Find.first,20,8,331,4.1375,0,0
1000,Find.first,21,8,331,4.1375,0,0
1000,Find.first,22,8,343,4.2875,0,0
1000,Find.first,23,8,333,4.1625,0,0
1000,Find.first,24,8,329,4.1125,0,0
1000,Find.middle,0,8,5644,70.55,0,0
1000,Find.middle,1,8,4880,61,0,0
1000,Find.middle,2,8,5112,63.9,0,0
1000,Find.middle,3,8,5158,64.475,0,0
1000,Find.middle,4,8,5189,64.8625,0,0
1000,Find.middle,5,8,4940,61.75,0,0
1000,Find.middle,6,8,4970,62.125,0,0
1000,Find.middle,7,8,4972,62.15,0,0
1000,Find.middle,8,8,5006,62.575,0,0
1000,Find.middle,9,8,5083,63.5375,0,0
1000,Find.middle,10,8,4974,62.175,0,0
1000,Find.middle,11,8,4976,62.2,0,0
1000,Find.middle,12,8,4969,62.1125,0,0
1000,Find.middle,13,8,5222,65.275,0,0
1000,Find.middle,14,8,4967,62.0875,0,0
1000,Find.middle,15,8,5257,65.7125,0,0
1000,Find.middle,16,8,5095,63.6875,0,0
1000,Find.middle,17,8,5074,63.425,0,0
1000,Find.middle,18,8,5115,63.9375,0,0
1000,Find.middle,19,8,5003,62.5375,0,0
1000,Find.middle,20,8,4963,62.0375,0,0
1000,Find.middle,21,8,5064,63.3,0,0
1000,Find.middle,22,8,4950,61.875,0,0
1000,Find.middle,23,8,4966,62.075,0,0
1000,Find.middle,24,8,5593,69.9125,0,0
1000,Find.last,0,8,10577,132.2125,0,0
1000,Find.last,1,8,9834,122.925,0,0
1000,Find.last,2,8,10352,129.4,0,0
1000,Find.last,3,8,9842,123.025,0,0
1000,Find.last,4,8,9909,123.8625,0,0
1000,Find.last,5,8,10792,134.9,0,0
1000,Find.last,6,8,9788,122.35,0,0
1000,Find.last,7,8,10134,126.675,0,0
1000,Find.last,8,8,9829,122.8625,0,0
1000,Find.last,9,8,10587,132.3375,0,0
1000,Find.last,10,8,11319,141.4875,0,0
1000,Find.last,11,8,12427,155.3375,0,0
1000,Find.last,12,8,14032,175.4,0,0
1000,Find.last,13,8,11693,146.1625,0,0
1000,Find.last,14,8,9900,123.75,0,0
1000,Find.last,15,8,10000,125,0,0
1000,Find.last,16,8,10462,130.775,0,0
1000,Find.last,17,8,10410,130.125,0,0
1000,Find.last,18,8,10297,128.7125,0,0
1000,Find.last,19,8,10203,127.5375,0,0
1000,Find.last,20,8,10415,130.1875,0,0
1000,Find.last,21,8,10211,127.6375,0,0
1000,Find.last,22,8,10194,127.425,0,0
1000,Find.last,23,8,9625,120.3125,0,0
1000,Find.last,24,8,9531,119.1375,0,0
1000,Find.missing,0,8,11429,142.8625,0,0
1000,Find.missing,1,8,9723,121.5375,0,0
1000,Find.missing,2,8,9633,120.4125,0,0
1000,Find.missing,3,8,9736,121.7,0,0
1000,Find.missing,4,8,9578,119.725,0,0
1000,Find.missing,5,8,9701,121.2625,0,0
1000,Find.missing,6,8,10321,129.0125,0,0
1000,Find.missing,7,8,10226,127.825,0,0
1000,Find.missing,8,8,10311,128.8875,0,0
1000,Find.missing,9,8,9884,123.55,0,0
1000,Find.missing,10,8,9746,121.825,0,0
1000,Find.missing,11,8,9759,121.9875,0,0
1000,Find.missing,12,8,10353,129.4125,0,0
1000,Find.missing,13,8,9799,122.4875,0,0
1000,Find.missing,14,8,10311,128.8875,0,0
1000,Find.missing,15,8,10096,126.2,0,0
1000,Find.missing,16,8,10009,125.1125,0,0
1000,Find.missing,17,8,10107,126.3375,0,0
1000,Find.missing,18,8,10935,136.6875,0,0
1000,Find.missing,19,8,9967,124.5875,0,0
1000,Find.missing,20,8,10142,126.775,0,0
1000,Find.missing,21,8,10195,127.4375,0,0
1000,Find.missing,22,8,10410,130.125,0,0
1000,Find.missing,23,8,10712,133.9,0,0
1000,Find.missing,24,8,10156,126.95,0,0
1000,Find.uniform,0,8,7388,92.35,0,0
1000,Find.uniform,1,8,7018,87.725,0,0
1000,Find.uniform,2,8,6697,83.7125,0,0
1000,Find.uniform,3,8,7039,87.9875,0,0
1000,Find.uniform,4,8,6918,86.475,0,0
1000,Find.uniform,5,8,7284,91.05,0,0
1000,Find.uniform,6,8,6875,85.9375,0,0
1000,Find.uniform,7,8,7109,88.8625,0,0
1000,Find.uniform,8,8,6978,87.225,0,0
1000,Find.uniform,9,8,6574,82.175,0,0
1000,Find.uniform,10,8,6736,84.2,0,0
1000,Find.uniform,11,8,6607,82.5875,0,0
1000,Find.uniform,12,8,6516,81.45,0,0
1000,Find.uniform,13,8,6964,87.05,0,0
1000,Find.uniform,14,8,7687,96.0875,0,0
1000,Find.uniform,15,8,8030,100.375,0,0
1000,Find.uniform,16,8,6585,82.3125,0,0
1000,Find.uniform,17,8,6899,86.2375,0,0
1000,Find.uniform,18,8,6748,84.35,0,0
1000,Find.uniform,19,8,6634,82.925,0,0
1000,Find.uniform,20,8,6955,86.9375,0,0
1000,Find.uniform,21,8,6881,86.0125,0,0
1000,Find.uniform,22,8,7036,87.95,0,0
1000,Find.uniform,23,8,7131,89.1375,0,0
1000,Find.uniform,24,8,6997,87.4625,0,0
1000,Harness.find-checksum,0,8,9,0.1125,0,0
1000,Harness.find-checksum,1,8,1,0.0125,0,0
1000,Harness.find-checksum,2,8,1,0.0125,0,0
1000,Harness.find-checksum,3,8,1,0.0125,0,0
1000,Harness.find-checksum,4,8,1,0.0125,0,0
1000,Harness.find-checksum,5,8,1,0.0125,0,0
1000,Harness.find-checksum,6,8,0,0,0,0
1000,Harness.find-checksum,7,8,1,0.0125,0,0
1000,Harness.find-checksum,8,8,1,0.0125,0,0
1000,Harness.find-checksum,9,8,1,0.0125,0,0
1000,Harness.find-checksum,10,8,1,0.0125,0,0
1000,Harness.find-checksum,11,8,1,0.0125,0,0
1000,Harness.find-checksum,12,8,1,0.0125,0,0
1000,Harness.find-checksum,13,8,1,0.0125,0,0
1000,Harness.find-checksum,14,8,1,0.0125,0,0
1000,Harness.find-checksum,15,8,1,0.0125,0,0
1000,Harness.find-checksum,16,8,1,0.0125,0,0
1000,Harness.find-checksum,17,8,1,0.0125,0,0
1000,Harness.find-checksum,18,8,1,0.0125,0,0
1000,Harness.find-checksum,19,8,1,0.0125,0,0
1000,Harness.find-checksum,20,8,1,0.0125,0,0
1000,Harness.find-checksum,21,8,1,0.0125,0,0
1000,Harness.find-checksum,22,8,1,0.0125,0,0
1000,Harness.find-checksum,23,8,1,0.0125,0,0
1000,Harness.find-checksum,24,8,1,0.0125,0,0
1000,OrderedEntities.Building,0,2,50753,2537.65,0,0
1000,OrderedEntities.Building,1,2,53058,2652.9,0,0
1000,OrderedEntities.Building,2,2,52755,2637.75,0,0
1000,OrderedEntities.Building,3,2,50915,2545.75,0,0
1000,OrderedEntities.Building,4,2,52224,2611.2,0,0
1000,OrderedEntities.Building,5,2,52625,2631.25,0,0
1000,OrderedEntities.Building,6,2,53784,2689.2,0,0
1000,OrderedEntities.Building,7,2,52411,2620.55,0,0
1000,OrderedEntities.Building,8,2,50673,2533.65,0,0
1000,OrderedEntities.Building,9,2,52589,2629.45,0,0
1000,OrderedEntities.Building,10,2,53906,2695.3,0,0
1000,OrderedEntities.Building,11,2,51855,2592.75,0,0
1000,OrderedEntities.Building,12,2,50997,2549.85,0,0
1000,OrderedEntities.Building,13,2,52194,2609.7,0,0
1000,OrderedEntities.Building,14,2,51877,2593.85,0,0
1000,OrderedEntities.Building,15,2,51862,2593.1,0,0
1000,OrderedEntities.Building,16,2,53350,2667.5,0,0
1000,OrderedEntities.Building,17,2,54094,2704.7,0,0
1000,OrderedEntities.Building,18,2,53041,2652.05,0,0
1000,OrderedEntities.Building,19,2,51547,2577.35,0,0
1000,OrderedEntities.Building,20,2,51614,2580.7,0,0
1000,OrderedEntities.Building,21,2,51161,2558.05,0,0
1000,OrderedEntities.Building,22,2,52937,2646.85,0,0
1000,OrderedEntities.Building,23,2,51020,2551,0,0
1000,OrderedEntities.Building,24,2,51203,2560.15,0,0
10000,Find.zero,0,8,11,0.1375,0,0
10000,Find.zero,1,8,1,0.0125,0,0
10000,Find.zero,2,8,1,0.0125,0,0
10000,Find.zero,3,8,1,0.0125,0,0
10000,Find.zero,4,8,1,0.0125,0,0
10000,Find.zero,5,8,1,0.0125,0,0
10000,Find.zero,6,8,1,0.0125,0,0
10000,Find.zero,7,8,1,0.0125,0,0
10000,Find.zero,8,8,1,0.0125,0,0
10000,Find.zero,9,8,1,0.0125,0,0
10000,Find.zero,10,8,1,0.0125,0,0
10000,Find.zero,11,8,1,0.0125,0,0
10000,Find.zero,12,8,1,0.0125,0,0
10000,Find.zero,13,8,1,0.0125,0,0
10000,Find.zero,14,8,1,0.0125,0,0
10000,Find.zero,15,8,1,0.0125,0,0
10000,Find.zero,16,8,1,0.0125,0,0
10000,Find.zero,17,8,1,0.0125,0,0
10000,Find.zero,18,8,1,0.0125,0,0
10000,Find.zero,19,8,1,0.0125,0,0
10000,Find.zero,20,8,1,0.0125,0,0
10000,Find.zero,21,8,1,0.0125,0,0
10000,Find.zero,22,8,1,0.0125,0,0
10000,Find.zero,23,8,1,0.0125,0,0
10000,Find.zero,24,8,1,0.0125,0,0
10000,Find.first,0,8,3570,44.625,0,0
10000,Find.first,1,8,1349,16.8625,0,0
10000,Find.first,2,8,1547,19.3375,0,0
10000,Find.first,3,8,1377,17.2125,0,0
10000,Find.first,4,8,1502,18.775,0,0
10000,Find.first,5,8,1577,19.7125,0,0
10000,Find.first,6,8,1189,14.8625,0,0
10000,Find.first,7,8,1200,15,0,0
10000,Find.first,8,8,1312,16.4,0,0
10000,Find.first,9,8,1218,15.225,0,0
10000,Find.first,10,8,1207,15.0875,0,0
10000,Find.first,11,8,2488,31.1,0,0
10000,Find.first,12,8,1241,15.5125,0,0
10000,Find.first,13,8,1204,15.05,0,0
10000,Find.first,14,8,1297,16.2125,0,0
10000,Find.first,15,8,1232,15.4,0,0
10000,Find.first,16,8,1212,15.15,0,0
10000,Find.first,17,8,1199,14.9875,0,0
10000,Find.first,18,8,1326,16.575,0,0
10000,Find.first,19,8,1241,15.5125,0,0
10000,Find.first,20,8,1214,15.175,0,0
10000,Find.first,21,8,1307,16.3375,0,0
10000,Find.first,22,8,1222,15.275,0,0
10000,Find.first,23,8,1274,15.925,0,0
10000,Find.first,24,8,1412,17.65,0,0
10000,Find.middle,0,8,51697,646.2125,0,0
10000,Find.middle,1,8,50159,626.9875,0,0
10000,Find.middle,2,8,51400,642.5,0,0
10000,Find.middle,3,8,49058,613.225,0,0
10000,Find.middle,4,8,51384,642.3,0,0
10000,Find.middle,5,8,51237,640.4625,0,0
10000,Find.middle,6,8,51055,638.1875,0,0
10000,Find.middle,7,8,49127,614.0875,0,0
10000,Find.middle,8,8,51369,642.1125,0,0
10000,Find.middle,9,8,52049,650.6125,0,0
10000,Find.middle,10,8,51554,644.425,0,0
10000,Find.middle,11,8,50720,634,0,0
10000,Find.middle,12,8,49731,621.6375,0,0
10000,Find.middle,13,8,50175,627.1875,0,0
10000,Find.middle,14,8,51541,644.2625,0,0
10000,Find.middle,15,8,50005,625.0625,0,0
10000,Find.middle,16,8,53580,669.75,0,0
10000,Find.middle,17,8,52291,653.6375,0,0
10000,Find.middle,18,8,49127,614.0875,0,0
10000,Find.middle,19,8,49493,618.6625,0,0
10000,Find.middle,20,8,49120,614,0,0
10000,Find.middle,21,8,49104,613.8,0,0
10000,Find.middle,22,8,49853,623.1625,0,0
10000,Find.middle,23,8,52034,650.425,0,0
10000,Find.middle,24,8,49366,617.075,0,0
10000,Find.last,0,8,105991,1324.8875,0,0
10000,Find.last,1,8,107882,1348.525,0,0
10000,Find.last,2,8,107628,1345.35,0,0
10000,Find.last,3,8,105777,1322.2125,0,0
10000,Find.last,4,8,107576,1344.7,0,0
10000,Find.last,5,8,110053,1375.6625,0,0
10000,Find.last,6,8,103332,1291.65,0,0
10000,Find.last,7,8,104787,1309.8375,0,0
10000,Find.last,8,8,105472,1318.4,0,0
10000,Find.last,9,8,104585,1307.3125,0,0
10000,Find.last,10,8,103473,1293.4125,0,0
10000,Find.last,11,8,104741,1309.2625,0,0
10000,Find.last,12,8,102675,1283.4375,0,0
10000,Find.last,13,8,100534,1256.675,0,0
10000,Find.last,14,8,100330,1254.125,0,0
10000,Find.last,15,8,104779,1309.7375,0,0
10000,Find.last,16,8,102871,1285.8875,0,0
10000,Find.last,17,8,104226,1302.825,0,0
10000,Find.last,18,8,102452,1280.65,0,0
10000,Find.last,19,8,100053,1250.6625,0,0
10000,Find.last,20,8,102709,1283.8625,0,0
10000,Find.last,21,8,102520,1281.5,0,0
10000,Find.last,22,8,106263,1328.2875,0,0
10000,Find.last,23,8,104696,1308.7,0,0
10000,Find.last,24,8,108200,1352.5,0,0
10000,Find.missing,0,8,106823,1335.2875,0,0
10000,Find.missing,1,8,104898,1311.225,0,0
10000,Find.missing,2,8,108048,1350.6,0,0
10000,Find.missing,3,8,107072,1338.4,0,0
10000,Find.missing,4,8,108892,1361.15,0,0
10000,Find.missing,5,8,106346,1329.325,0,0
10000,Find.missing,6,8,106050,1325.625,0,0
10000,Find.missing,7,8,104260,1303.25,0,0
10000,Find.missing,8,8,103952,1299.4,0,0
10000,Find.missing,9,8,104190,1302.375,0,0
10000,Find.missing,10,8,102897,1286.2125,0,0
10000,Find.missing,11,8,104039,1300.4875,0,0
10000,Find.missing,12,8,105271,1315.8875,0,0
10000,Find.missing,13,8,100873,1260.9125,0,0
10000,Find.missing,14,8,103614,1295.175,0,0
10000,Find.missing,15,8,99612,1245.15,0,0
10000,Find.missing,16,8,102166,1277.075,0,0
10000,Find.missing,17,8,104106,1301.325,0,0
10000,Find.missing,18,8,101719,1271.4875,0,0
10000,Find.missing,19,8,108189,1352.3625,0,0
10000,Find.missing,20,8,106707,1333.8375,0,0
10000,Find.missing,21,8,104891,1311.1375,0,0
10000,Find.missing,22,8,107298,1341.225,0,0
10000,Find.missing,23,8,102520,1281.5,0,0
10000,Find.missing,24,8,106625,1332.8125,0,0
10000,Find.uniform,0,8,58922,736.525,0,0
10000,Find.uniform,1,8,52305,653.8125,0,0
10000,Find.uniform,2,8,52711,658.8875,0,0
10000,Find.uniform,3,8,52438,655.475,0,0
10000,Find.uniform,4,8,52330,654.125,0,0
10000,Find.uniform,5,8,53376,667.2,0,0
10000,Find.uniform,6,8,53895,673.6875,0,0
10000,Find.uniform,7,8,53474,668.425,0,0
10000,Find.uniform,8,8,56955,711.9375,0,0
10000,Find.uniform,9,8,52915,661.4375,0,0
10000,Find.uniform,10,8,52686,658.575,0,0
10000,Find.uniform,11,8,54655,683.1875,0,0
10000,Find.uniform,12,8,52178,652.225,0,0
10000,Find.uniform,13,8,51397,642.4625,0,0
10000,Find.uniform,14,8,51959,649.4875,0,0
10000,Find.uniform,15,8,51491,643.6375,0,0
10000,Find.uniform,16,8,50968,637.1,0,0
10000,Find.uniform,17,8,53650,670.625,0,0
10000,Find.uniform,18,8,53495,668.6875,0,0
10000,Find.uniform,19,8,52525,656.5625,0,0
10000,Find.uniform,20,8,52604,657.55,0,0
10000,Find.uniform,21,8,51067,638.3375,0,0
10000,Find.uniform,22,8,52052,650.65,0,0
10000,Find.uniform,23,8,51561,644.5125,0,0
10000,Find.uniform,24,8,51402,642.525,0,0
10000,Harness.find-checksum,0,8,9,0.1125,0,0
10000,Harness.find-checksum,1,8,0,0,0,0
10000,Harness.find-checksum,2,8,1,0.0125,0,0
10000,Harness.find-checksum,3,8,1,0.0125,0,0
10000,Harness.find-checksum,4,8,1,0.0125,0,0
10000,Harness.find-checksum,5,8,1,0.0125,0,0
10000,Harness.find-checksum,6,8,1,0.0125,0,0
10000,Harness.find-checksum,7,8,1,0.0125,0,0
10000,Harness.find-checksum,8,8,1,0.0125,0,0
10000,Harness.find-checksum,9,8,0,0,0,0
10000,Harness.find-checksum,10,8,0,0,0,0
10000,Harness.find-checksum,11,8,0,0,0,0
10000,Harness.find-checksum,12,8,0,0,0,0
10000,Harness.find-checksum,13,8,1,0.0125,0,0
10000,Harness.find-checksum,14,8,1,0.0125,0,0
10000,Harness.find-checksum,15,8,1,0.0125,0,0
10000,Harness.find-checksum,16,8,1,0.0125,0,0
10000,Harness.find-checksum,17,8,1,0.0125,0,0
10000,Harness.find-checksum,18,8,1,0.0125,0,0
10000,Harness.find-checksum,19,8,1,0.0125,0,0
10000,Harness.find-checksum,20,8,1,0.0125,0,0
10000,Harness.find-checksum,21,8,1,0.0125,0,0
10000,Harness.find-checksum,22,8,1,0.0125,0,0
10000,Harness.find-checksum,23,8,0,0,0,0
10000,Harness.find-checksum,24,8,0,0,0,0
10000,OrderedEntities.Building,0,2,748875,37443.75,0,0
10000,OrderedEntities.Building,1,2,741375,37068.75,0,0
10000,OrderedEntities.Building,2,2,739463,36973.15,0,0
10000,OrderedEntities.Building,3,2,736212,36810.6,0,0
10000,OrderedEntities.Building,4,2,729723,36486.15,0,0
10000,OrderedEntities.Building,5,2,735454,36772.7,0,0
10000,OrderedEntities.Building,6,2,751781,37589.05,0,0
10000,OrderedEntities.Building,7,2,750685,37534.25,0,0
10000,OrderedEntities.Building,8,2,735604,36780.2,0,0
10000,OrderedEntities.Building,9,2,737431,36871.55,0,0
10000,OrderedEntities.Building,10,2,756188,37809.4,0,0
10000,OrderedEntities.Building,11,2,744368,37218.4,0,0
10000,OrderedEntities.Building,12,2,757050,37852.5,0,0
10000,OrderedEntities.Building,13,2,736771,36838.55,0,0
10000,OrderedEntities.Building,14,2,760259,38012.95,0,0
10000,OrderedEntities.Building,15,2,739646,36982.3,0,0
10000,OrderedEntities.Building,16,2,733292,36664.6,0,0
10000,OrderedEntities.Building,17,2,765841,38292.05,0,0
10000,OrderedEntities.Building,18,2,766484,38324.2,0,0
10000,OrderedEntities.Building,19,2,731689,36584.45,0,0
10000,OrderedEntities.Building,20,2,730322,36516.1,0,0
10000,OrderedEntities.Building,21,2,744670,37233.5,0,0
10000,OrderedEntities.Building,22,2,743181,37159.05,0,0
10000,OrderedEntities.Building,23,2,732096,36604.8,0,0
10000,OrderedEntities.Building,24,2,741277,37063.85,0,0
